Date,Close,Volume,Price Momentum,Volume Factor,Volume Ratio,Volatility 30D,RSI
2021-01-13 0ï¿½ÌµB,96.364998,25159000,0.000000,0.000000,0.000000,0.000000,0.000000
2021-01-14 0,114.940002,20858700,0.000000,0.000000,0.000000,0.000000,0.000000
2021-01-15 0ï¿½ï¿½Bï¿½zï¿½B,117.000000,8310700,0.000000,0.000000,0.000000,0.000000,0.000000
2021-01-19 0,110.989998,3304900,0.000000,0.000000,0.000000,0.000000,0.000000
2021-01-20 0,106.209999,5091400,0.000000,0.000000,0.000000,0.000000,0.000000
2021-01-21 0ï¿½Qï¿½Bï¿½Bï¿½Bï¿½Bï¿½z,108.970001,1735300,0.000000,0.000000,0.000000,0.000000,0.000000
2021-01-22 0Haï¿½B,119.949997,4343500,0.000000,0.000000,0.000000,0.000000,0.000000
2021-01-25 0R8ï¿½Bï¿½B,112.699997,2660000,0.000000,0.000000,0.000000,0.000000,0.000000
2021-01-26 0ï¿½B,110.080002,1287400,0.000000,0.000000,0.000000,0.000000,0.000000
2021-01-27 0ï¿½zï¿½Bï¿½Bï¿½B{ï¿½Bdy",105.290001,2259300,0.000000,0.000000,0.000000,0.000000,0.000000
2021-01-28 0,99.419998,2097400,0.000000,0.000000,0.000000,0.000000,0.000000
2021-01-29 0,99.589996,1836300,0.000000,0.000000,0.000000,0.000000,0.000000
2021-02-01 0,107.610001,1266000,0.000000,0.000000,0.000000,0.000000,0.000000
2021-02-02 0,113.000000,1875600,0.000000,0.000000,0.000000,0.000000,0.000000
2021-02-03 0ï¿½Bï¿½B33ï¿½Bfï¿½Bï¿½&,110.949997,1451700,0.000000,0.000000,0.000000,0.000000,0.000000
2021-02-04 0ï¿½ï¿½B,108.769997,1692700,0.000000,0.000000,0.000000,0.000000,0.000000
2021-02-05 0ï¿½Buï¿½B,103.449997,2932300,0.000000,0.000000,0.000000,0.000000,0.000000
2021-02-08 0ï¿½B,122.760002,3417400,0.000000,0.000000,0.000000,0.000000,0.000000
2021-02-09 0ï¿½Bfï¿½C{ï¿½B,131.000000,4056800,0.000000,0.000000,0.000000,0.000000,0.000000
2021-02-10 03ï¿½Cfï¿½C,136.229996,2353000,0.000000,0.000000,0.000000,0.000000,0.000000
2021-02-11 0,139.990005,2285600,0.000000,0.000000,0.000000,0.000000,0.000000
2021-02-12 0×£Cï¿½Cï¿½Bï¿½BLï¿½J,125.889999,4903500,0.000000,0.000000,0.000000,0.000000,0.000000
2021-02-16 0ï¿½LCï¿½LC,119.150002,5642300,0.000000,0.000000,0.000000,0.000000,0.000000
2021-02-17 0ï¿½Bï¿½B,112.529999,2786700,0.000000,0.000000,0.000000,0.000000,0.000000
2021-02-18 0ï¿½Gï¿½Bfï¿½BR8ï¿½Bï¿½ï¿½BPï¿½6,105.550003,3589200,0.000000,0.000000,0.000000,0.000000,0.000000
2021-02-19 0{ï¿½B,105.989998,2973900,0.000000,0.000000,0.000000,0.000000,0.000000
2021-02-22 0ï¿½Bï¿½pï¿½B,104.830002,2955600,0.000000,0.000000,0.000000,0.000000,0.000000
2021-02-23 0ï¿½B3ï¿½B33ï¿½Bï¿½Bï¿½>,102.010002,4105200,0.000000,0.000000,0.000000,0.000000,0.000000
2021-02-24 0\ï¿½B,102.489998,1894100,0.000000,0.000000,0.000000,0.000000,0.000000
2021-02-25 0)ï¿½B,94.195000,5472000,0.000000,0.000000,0.000000,0.000000,0.000000
2021-02-26 0)\ï¿½B×£ï¿½B\ï¿½Bï¿½ï¿½B\ï¿½',93.059998,2596700,-0.034297,0.988596,0.695326,0.228524,49.051025
2021-03-01 0,91.440002,2913300,-0.204454,1.113691,0.928889,0.215357,42.524494
2021-03-02 0ffï¿½BHaï¿½B,91.800003,3733500,-0.215385,1.106666,1.251276,0.214272,41.896065
2021-03-03 0ï¿½Lï¿½Bï¿½Â¸B)Ü§Bï¿½B<ï¿½\,86.309998,6083900,-0.222362,1.180521,1.977612,0.214927,42.036655
2021-03-04 0,84.459999,5611100,-0.204783,1.239266,1.813712,0.213243,42.846809
2021-03-05 0fï¿½B{ï¿½Bï¿½ï¿½Bï¿½Gï¿½BT,R,81.139999,5385300,-0.255391,1.267369,1.674858,0.214281,40.880791
2021-03-08 0+ï¿½B,74.309998,3771900,-0.380492,1.300463,1.180074,0.212987,34.626785
2021-03-09 0,79.660004,3712800,-0.293168,1.274196,1.148970,0.213890,38.726631
2021-03-10 0ï¿½hï¿½BHaï¿½Bï¿½Bï¿½BÔƒ ,80.760002,2130900,-0.266352,1.270470,0.653744,0.213153,39.891052
2021-03-11 0Rï¿½B,81.250000,2228900,-0.228322,1.171339,0.684022,0.210204,41.458214
2021-03-12 0,79.570000,2276800,-0.199658,1.159394,0.697442,0.207405,42.730534
2021-03-15 0,81.349998,1885200,-0.183151,1.127337,0.577197,0.209059,43.398003
2021-03-16 0ï¿½pï¿½Bffï¿½B,80.800003,1609300,-0.249140,1.058591,0.491004,0.203092,39.741333
2021-03-17 0ï¿½Bï¿½B=ï¿½B.ï¿½B<ï¿½,81.089996,1424700,-0.282389,0.920659,0.436684,0.199240,37.293934
2021-03-18 0qï¿½Bï¿½B33ï¿½Bï¿½Ç”B,ï¿½@,74.389999,4230700,-0.329518,0.854098,1.260947,0.204563,35.962215
2021-03-19 0hQï¿½Bï¿½Bï¿½Bqï¿½B0ï¿½0,77.370003,3185200,-0.288682,0.777004,0.935468,0.206219,38.017097
2021-03-22 0ï¿½Bï¿½Bï¿½Bï¿½Bï¿½ ,81.989998,2158000,-0.207443,0.735177,0.638628,0.207090,41.766422
2021-03-23 0ï¿½pï¿½B,78.870003,963800,-0.357527,0.670042,0.292297,0.194763,30.771921
2021-03-24 0ï¿½Bï¿½B=
ï¿½Bï¿½Bï¿½B8ï¿½,72.629997,1555000,-0.445573,0.669509,0.483830,0.195787,23.972170
2021-03-25 0q=ï¿½Bï¿½Bï¿½pï¿½Bï¿½ï¿½B0?",69.559998,2244400,-0.489393,0.670747,0.699121,0.195987,19.687183
2021-03-26 0,69.720001,1474100,-0.501964,0.651230,0.463078,0.193823,16.969063
2021-03-29 0ï¿½pï¿½B
×“B
Wï¿½Bï¿½Bï¿½G,69.989998,1984400,-0.444038,0.674979,0.643041,0.185308,19.796835
2021-03-30 0ï¿½_ï¿½Bd{ï¿½B=ï¿½Bï¿½Ç„Blg",66.389999,2254700,-0.442803,0.722324,0.758381,0.185119,20.492161
2021-03-31 0ï¿½mï¿½Bffï¿½Bï¿½Lï¿½Bï¿½pï¿½Bï¿½#,70.720001,2296000,-0.371545,0.755789,0.776545,0.185987,26.001598
2021-04-01 0,71.449997,1661000,-0.323070,0.683740,0.574261,0.181294,28.914160
2021-04-05 0ï¿½zï¿½Bï¿½ÐBï¿½ÌˆBï¿½ÇŠBï¿½,69.389999,1154800,-0.345316,0.626681,0.407800,0.183547,27.812796
2021-04-06 0qï¿½B,73.000000,1909100,-0.303634,0.625598,0.682579,0.187241,31.261032
2021-04-07 0Fvï¿½BFvï¿½B,71.500000,1264500,-0.299088,0.658648,0.467951,0.186674,31.754566
2021-04-08 0=ï¿½Bï¿½Ì‘Bï¿½Bï¿½Bï¿½,69.809998,1091200,-0.318860,0.647901,0.407858,0.188357,30.735670
2021-04-09 0)ÜŠBffï¿½Bï¿½ÂˆBï¿½kï¿½Bï¿½V,70.709999,1070800,-0.249323,0.639079,0.423453,0.182237,34.833706
2021-04-12 0)ÜŽBï¿½Bï¿½uï¿½B)Ü‡BTï¿½,67.930000,1890900,-0.270041,0.661718,0.754788,0.184714,34.109016
2021-04-13 0ï¿½B)\ï¿½Bï¿½BR8ï¿½Bï¿½&,70.110001,2493400,-0.233268,0.685868,1.000879,0.186034,36.606804
2021-04-14 0)\ï¿½Bffï¿½Bï¿½Bï¿½Bï¿½uï¿½Bï¿½,68.730003,1540600,-0.251307,0.677069,0.637108,0.187439,35.697456
2021-04-15 03ï¿½B.ï¿½Bï¿½B
Wï¿½BÈ§,68.669998,1222600,-0.204380,0.678122,0.541916,0.182124,38.274395
2021-04-16 0,69.720001,1315300,-0.174520,0.707718,0.622516,0.181561,40.096748
2021-04-19 0,66.019997,1948300,-0.186345,0.788001,0.974974,0.182819,39.893047
2021-04-20 0ï¿½Ñ‚BHaï¿½Bï¿½|B,65.000000,1855200,-0.125286,0.811241,0.959047,0.176443,43.252644
2021-04-21 0ï¿½Bï¿½Gï¿½Bï¿½(Bï¿½ï¿½BÐ´,67.550003,1160400,-0.152021,0.842933,0.627467,0.173320,40.852089
2021-04-22 0ï¿½uï¿½Bqï¿½B33ï¿½Bq=ï¿½Bhï¿½,68.620003,1309800,-0.150322,0.867594,0.718892,0.173516,40.825272
2021-04-23 0ï¿½Lï¿½B33ï¿½Bï¿½Lï¿½Bq=ï¿½Bpr',74.120003,2585200,-0.087754,0.944556,1.409714,0.180491,44.990868
2021-04-26 0,77.970001,2272900,-0.020108,0.965455,1.239504,0.183356,48.909191
2021-04-27 0Haï¿½B3ï¿½Bï¿½pï¿½Bqï¿½B|ï¿½,76.370003,959100,-0.061217,0.896882,0.531992,0.183188,46.596504
2021-04-28 0ï¿½Bjï¿½Bï¿½Bï¿½kï¿½By,77.209999,1145100,-0.044431,0.882518,0.640661,0.183573,47.556156
2021-04-29 0ï¿½ÇBï¿½Bï¿½B=
ï¿½BPï¿½,74.019997,1886800,-0.087187,0.911821,1.046608,0.186967,45.370007
2021-04-30 0ï¿½Bï¿½B
ï¿½Bï¿½uï¿½B,70.500000,1764900,-0.052292,0.981510,1.025757,0.183814,47.341805
2021-05-03 0ffï¿½B,66.779999,1534000,-0.136875,0.989071,0.921021,0.184962,42.835880
2021-05-04 0=ï¿½B,62.169998,4054400,-0.241737,1.080117,2.345269,0.185800,36.589985
2021-05-05 0ï¿½p{Bï¿½~Bff_BfffBï¿½K,57.599998,4970400,-0.269684,1.207243,2.668943,0.188954,35.885864
2021-05-06 0ï¿½GgB×£gBï¿½QBï¿½YBL2;,54.439999,3879500,-0.250447,1.291493,1.999955,0.186802,37.415249
2021-05-07 0ï¿½(dBï¿½jBï¿½WB,54.000000,3332300,-0.223692,1.305600,1.686338,0.183727,38.828262
2021-05-10 0ï¿½RBï¿½fBï¿½PB,57.000000,5777300,-0.182444,1.382583,2.725789,0.188496,41.225166
2021-05-11 0ï¿½GBï¿½_B,55.450001,7339300,-0.207744,1.552833,3.193787,0.190547,40.143711
2021-05-12 0ï¿½YB33ZBï¿½BBï¿½GGBï¿½P,49.820000,5248200,-0.249586,1.659333,2.188778,0.194879,39.068481
2021-05-13 0{HB,48.369999,4046000,-0.316035,1.707835,1.647321,0.191766,34.672882
2021-05-14 0ï¿½EBï¿½pZBq=DB,54.000000,3886600,-0.244227,1.741614,1.536025,0.200773,38.786789
2021-05-17 0ï¿½GRBq=SB=
HBffJBLï¿½:,50.599998,3853900,-0.270788,1.770350,1.470804,0.203587,38.130135
2021-05-18 0ï¿½pKB{UBï¿½HB\ï¿½NBHï¿½,51.639999,2006600,-0.292603,1.690102,0.764851,0.200994,36.053802
2021-05-19 0ï¿½BBï¿½KBï¿½BBï¿½IBï¿½&,50.450001,2545100,-0.294406,1.572078,0.954578,0.201200,36.200344
2021-05-20 0×£LBï¿½(cBï¿½pLB\ï¿½[BTI,54.889999,4790100,-0.213723,1.535236,1.717190,0.206464,40.559353
2021-05-21 0,53.360001,3175600,-0.245368,1.492090,1.110482,0.207670,39.108601
2021-05-24 0ï¿½SB)\UBï¿½KBï¿½TBGj,53.150002,6965000,-0.217577,1.447981,2.299593,0.204811,40.412560
2021-05-25 033UBï¿½XBï¿½RBï¿½(XBï¿½8,54.040001,3716600,-0.229211,1.310728,1.210789,0.203558,39.398338
2021-05-26 0ï¿½GYBq=fBï¿½pRB,57.000000,4039500,-0.170668,1.237762,1.281215,0.206411,42.419540
2021-05-27 0ï¿½(aBï¿½(eBï¿½\Bï¿½(eBï¿½%',57.290001,2565600,-0.165720,1.174137,0.802343,0.206751,42.667526
2021-05-28 0,60.810001,3308800,-0.127797,1.132532,1.013700,0.210439,44.436119
2021-06-01 0,62.520000,4301900,-0.053014,1.119353,1.287016,0.208453,47.758709
2021-06-02 0ï¿½zB33ï¿½Bï¿½GxBï¿½zï¿½Bpï¿½+,65.239998,2879600,0.003692,1.133888,0.852789,0.210685,50.150410
2021-06-03 0ï¿½Bï¿½B)\yBï¿½|Bï¿½$,63.240002,2408600,-0.063805,1.116093,0.704621,0.210005,47.280067
2021-06-04 0ï¿½Bï¿½Ì€B{nBï¿½nBxï¿½4,59.650002,3444600,-0.130720,1.054774,0.987147,0.213229,44.513760
2021-06-07 0)\qBï¿½tB)\iB
ï¿½mBï¿½,59.459999,1842100,-0.197787,1.023826,0.531680,0.207125,40.410778
2021-06-08 0ï¿½(oB\ï¿½B
WnBï¿½yBï¿½),62.490002,2726300,-0.198538,0.897570,0.783466,0.207046,39.764610
2021-06-09 0,60.259998,2160300,-0.210947,0.843145,0.613751,0.208263,39.436062
2021-06-10 0ï¿½zrB=
ï¿½Bï¿½pBRï¿½~Bï¿½C,,63.680000,2900900,-0.175236,0.797536,0.810679,0.211893,41.418243
2021-06-11 0{ï¿½Bï¿½Ç‰B×£Bï¿½B,67.980003,4780800,-0.081599,0.836880,1.300959,0.213945,46.222168
2021-06-14 0ï¿½B)\ï¿½B33ï¿½BHï¿½B9,68.940002,3741200,-0.022128,0.833701,1.000133,0.211324,48.991989
2021-06-15 0×£ï¿½Bqï¿½B\ï¿½Bï¿½B0y),67.260002,2718000,0.007188,0.783097,0.719015,0.209073,50.318558
2021-06-16 0ï¿½Gï¿½Bï¿½ÌŠBï¿½Lï¿½Bï¿½Ñ†BB=,67.410004,4014600,0.084285,0.813408,1.062389,0.203678,53.696392
2021-06-17 0ï¿½Bï¿½Bqï¿½Bï¿½ÇŠBï¿½ .,69.389999,3023000,0.204688,0.844168,0.813963,0.200034,58.632305
2021-06-18 0{ï¿½Bï¿½Ì‹Bï¿½ï¿½B)\ï¿½B(P7,68.180000,3625000,0.252388,0.850969,0.978290,0.196891,60.355743
2021-06-21 0,63.799999,4401000,0.181481,0.911266,1.176401,0.201589,56.972115
2021-06-22 033}Bï¿½Bï¿½rBï¿½}Bï¿½;,63.450001,3929100,0.113158,0.959213,1.067846,0.197406,54.768593
2021-06-23 0,65.160004,1617600,0.175113,0.996096,0.463663,0.197385,57.161823
2021-06-24 0ï¿½Gï¿½Bï¿½Bï¿½Lï¿½Bï¿½Bï¿½,66.330002,1820100,0.331393,0.997798,0.539374,0.190197,63.034897
2021-06-25 0ï¿½Â…B)Ü†Bï¿½GBï¿½Ì€B ï¿½,64.400002,1812000,0.331404,0.930351,0.549090,0.190197,62.560730
2021-06-28 0ï¿½Bï¿½Bï¿½}B)Ü€Bï¿½d,64.430000,1729700,0.193148,0.888759,0.535825,0.179751,58.958942
2021-06-29 0)Ü€Bï¿½Gï¿½Bï¿½~Bï¿½B ,66.459999,2036000,0.313439,0.884231,0.642776,0.176810,63.951447
2021-06-30 0Haï¿½Bï¿½Bï¿½Bï¿½B3ï¿½BXv',67.349998,2586200,0.304222,0.834048,0.811528,0.176134,63.856060
2021-07-01 0,68.370003,2235200,0.355203,0.811960,0.703668,0.175385,65.852798
2021-07-02 0×£ï¿½B{ï¿½Bï¿½Bqï¿½Bï¿½,68.870003,1085100,0.254691,0.761612,0.355421,0.167541,63.294029
2021-07-06 0ï¿½#ï¿½Bq=ï¿½Bï¿½Sï¿½Bï¿½Bï¿½,67.989998,1629900,0.274175,0.682361,0.543033,0.166033,64.086266
2021-07-07 0ï¿½Bï¿½Bffï¿½BJ}B{ï¿½Bï¿½,64.290001,1961400,0.209595,0.653094,0.691928,0.171025,60.050522
2021-07-08 0q=uBï¿½Qï¿½B)\rBï¿½Bï¿½&,63.990002,2537600,0.184123,0.695187,0.907780,0.169844,59.073498
2021-07-09 0ï¿½Ñ€Bfï¿½Bï¿½B,67.250000,2032600,0.179825,0.720020,0.744953,0.169468,59.296207
2021-07-12 0
Wï¿½Bï¿½lï¿½Bï¿½#ï¿½B,65.000000,2604500,0.134578,0.748710,0.954103,0.172235,56.752495
2021-07-13 0ï¿½Bï¿½B)\^B
ï¿½hBmï¿½,58.209999,9661700,-0.042756,0.964463,3.284558,0.176349,47.846252
2021-07-14 0fï¿½nB33sBï¿½^B=
cBP`h,56.759998,6840400,-0.092131,1.096257,2.260415,0.176046,45.207981
2021-07-15 0ï¿½eBï¿½jBï¿½Q^Bï¿½eBï¿½%5,57.450001,3483100,-0.119405,1.118460,1.143392,0.173052,43.292580
2021-07-16 0Hï¿½fB
WhBï¿½(`B,57.500000,1962700,-0.090765,1.114955,0.647452,0.170159,44.885960
2021-07-19 0Rï¿½ZB{cBq=XBï¿½p_Bï¿½,,55.860001,2925800,-0.063537,1.182421,0.970695,0.167370,46.501755
2021-07-20 0q=aBï¿½iBï¿½Q^B×£eBLE#,57.410000,2311500,-0.034477,1.198811,0.762928,0.169798,48.154152
2021-07-21 0,60.630001,2487300,-0.029765,1.219375,0.823116,0.170301,48.330940
2021-07-22 0ï¿½qBï¿½#rB=
jB,59.000000,1790500,-0.020909,1.199545,0.594953,0.169437,48.857040
2021-07-23 0fflBHï¿½lBï¿½eBï¿½jBLï¿½,58.689999,1415500,-0.078361,1.198762,0.478214,0.164293,45.202847
2021-07-26 0ï¿½(iBHï¿½tBï¿½hBï¿½mBï¿½,59.419998,1577400,-0.125919,1.207627,0.552855,0.158607,41.164322
2021-07-27 0ï¿½(jB\ï¿½nBï¿½aB,59.500000,1616200,-0.136931,0.949210,0.580875,0.157259,40.075691
2021-07-28 0q=qBï¿½wB×£pBRï¿½tBï¿½X,61.180000,1923300,-0.090396,0.779911,0.697893,0.157668,43.608074
2021-07-29 0,60.860001,1599300,-0.097167,0.732968,0.597790,0.157985,43.138485
2021-07-30 0,56.320000,1917000,-0.188356,0.741477,0.726552,0.162686,37.005375
2021-08-02 0ï¿½gBï¿½B×£bBï¿½kï¿½Bï¿½,64.709999,9233300,-0.050895,0.915658,3.267923,0.175645,46.981033
2021-08-03 0Hï¿½B)Ü‹BRï¿½jB
Wï¿½Bï¿½È¡,66.669998,10602700,0.044984,1.126673,3.496752,0.172393,52.606720
2021-08-04 0=
ï¿½Bï¿½fï¿½Bq=ï¿½Bï¿½pï¿½Bï¿½!T,68.220001,5513600,0.075177,1.205482,1.787244,0.174102,54.239998
2021-08-05 0)Ü†B,67.160004,4518700,0.030694,1.254590,1.420226,0.173006,51.798561
2021-08-06 0ï¿½Qï¿½B33ï¿½B\ï¿½B
Wï¿½B$ï¿½,67.169998,1886500,0.012664,1.268511,0.592514,0.171282,50.771488
2021-08-09 0,65.879997,1536800,0.022981,1.270898,0.484075,0.170316,51.375462
2021-08-10 0ï¿½Ç„B}ï¿½Bï¿½Bï¿½ï¿½B(ï¿½,65.559998,1244200,0.017538,1.265632,0.393917,0.170746,51.044552
2021-08-11 0Rï¿½Bï¿½kï¿½B,68.620003,2259900,0.032501,1.273280,0.713804,0.172220,51.959362
2021-08-12 0,67.540001,1128700,0.002821,1.278028,0.362063,0.172447,50.171761
2021-08-13 0)\ï¿½Bï¿½B=ï¿½Bfï¿½Bï¿½,65.949997,1679800,-0.035396,1.278008,0.542063,0.173256,47.834641
2021-08-16 0ï¿½pï¿½Bï¿½uï¿½Bï¿½vB)\~Bl?,63.590000,1589100,-0.076666,1.025773,0.510030,0.175974,45.427780
2021-08-17 0=ï¿½xBï¿½Bï¿½pxB,63.500000,2209400,-0.066039,0.751725,0.704749,0.174895,46.057945
2021-08-18 033Bï¿½B=
xB)\ï¿½Blï¿½,64.680000,1941100,0.006066,0.637908,0.619301,0.171445,50.358257
2021-08-19 0Hï¿½{Bï¿½B33{B
ï¿½}BØ£,63.459999,1418200,-0.008283,0.545481,0.457923,0.172820,49.521225
2021-08-20 0ï¿½(}Bqï¿½Bï¿½|Bï¿½Bï¿½,64.760002,1118700,-0.037026,0.525862,0.364806,0.169857,47.668106
2021-08-23 0qï¿½B,67.709999,1934100,0.041692,0.542774,0.635336,0.171040,52.505081
2021-08-24 0,68.529999,2206500,0.177289,0.625441,0.789245,0.161791,60.723190
2021-08-25 0ï¿½Qï¿½B33ï¿½Bï¿½ÂˆBï¿½kï¿½Bï¿½4,72.709999,3459800,0.281008,0.696431,1.289515,0.165466,65.683380
2021-08-26 0ï¿½kï¿½BHaï¿½B
×ŠBï¿½Bï¿½#,69.980003,2346200,0.218103,0.752437,0.886990,0.168004,61.845341
2021-08-27 0ï¿½Ç…Bï¿½ÑŠB33ï¿½Bï¿½Ì‡B<~w,67.900002,7831100,0.180870,0.917163,2.756711,0.170842,59.468319
2021-08-30 0ï¿½zï¿½B,99.589996,44400900,0.782850,1.630643,10.513461,0.209269,75.732613
2021-08-31 0ï¿½zï¿½Bï¿½ï¿½B\ï¿½Bï¿½Bï¿½,96.339996,15838900,0.678105,1.764928,3.388611,0.209658,72.458748
2021-09-01 0ï¿½Ç¼B
Wï¿½B\ï¿½Bï¿½Bï¿½a,96.480003,6364300,0.591291,1.809528,1.324960,0.205269,71.443954
2021-09-02 0R8ï¿½B×£ï¿½Bï¿½zï¿½Bï¿½Bï¿½2c,98.989998,6501000,0.677797,1.854717,1.310578,0.205198,73.671127
2021-09-03 0Hï¿½B,93.050003,6093600,0.585449,1.895424,1.191007,0.209598,69.067711
2021-09-07 0ï¿½ï¿½B33ï¿½B,91.510002,3557500,0.540054,1.902609,0.686465,0.209925,67.649323
2021-09-08 0R8ï¿½B{ï¿½Bï¿½Bï¿½B{ï¿½Bï¿½PL,87.540001,5001400,0.471261,1.914846,0.944518,0.213236,64.789032
2021-09-09 0,92.059998,10966700,0.504740,1.945841,1.959517,0.215057,65.813187
2021-09-10 033ï¿½Bï¿½B33ï¿½Bffï¿½Bï¿½8,123.699997,54061700,1.032534,2.186641,7.359959,0.239857,74.364143
2021-09-13 0ï¿½kï¿½B,109.300003,44888000,0.940696,2.251990,5.113841,0.242745,69.082268
2021-09-14 0)ï¿½Bï¿½zï¿½B,108.059998,22207800,0.669912,1.905282,2.411210,0.233105,66.461609
2021-09-15 0{ï¿½Bï¿½Bï¿½ï¿½B,109.750000,14468700,0.646168,1.864321,1.549261,0.232055,66.392693
2021-09-16 0ï¿½B,117.580002,17468900,0.723541,1.902062,1.793962,0.235484,67.925629
2021-09-17 0Hï¿½B,116.279999,15284100,0.731388,1.921451,1.513809,0.235167,67.807419
2021-09-20 0\ï¿½Bï¿½B33ï¿½Bffï¿½Bï¿½,107.699997,12850200,0.603394,1.918914,1.228284,0.240329,63.833710
2021-09-21 033ï¿½Bï¿½Gï¿½B,108.110001,9189300,0.641014,1.925790,0.857451,0.239259,64.501068
2021-09-22 0,114.070000,11312900,0.739933,1.924416,1.023549,0.242735,66.036362
2021-09-23 0ï¿½B{Cï¿½Bï¿½Bï¿½@,126.889999,21028000,0.849169,1.907479,1.800617,0.247206,68.095146
2021-09-24 0ï¿½BCï¿½+C\ï¿½Bï¿½uï¿½B$ï¿½8,123.730003,20497700,0.831951,1.535198,1.663254,0.247823,67.226685
2021-09-27 0ï¿½BR8C\ï¿½Bï¿½^,128.369995,13047400,0.946475,1.238745,1.027130,0.248760,68.785362
2021-09-28 03sï¿½Bï¿½B,114.519997,14847300,0.800912,1.141101,1.129526,0.253545,64.335983
2021-09-29 0ï¿½B=ï¿½Bï¿½Gï¿½B=ï¿½Bï¿½,112.769997,16639200,0.775905,1.116749,1.221162,0.254455,63.740311
2021-09-30 0Hï¿½BRï¿½Bï¿½zï¿½Bï¿½Bï¿½Bï¿½,119.129997,13469100,0.841837,1.057570,0.961394,0.256920,64.758499
2021-10-01 0,117.849998,9141700,0.857075,0.995434,0.640739,0.256393,64.737442
2021-10-04 03ï¿½B,107.930000,10877500,0.666615,0.959726,0.745406,0.260500,61.175255
2021-10-05 0ï¿½Lï¿½Bï¿½Gï¿½BN"ï¿½Bï¿½Bï¿½w,111.459999,7799200,0.646138,0.937638,0.527393,0.259677,61.291489
2021-10-06 0Vï¿½BHï¿½
Cffï¿½B3ï¿½Cï¿½Q),133.699997,53039500,0.950970,1.094403,3.217898,0.271440,65.145248
2021-10-07 0.Cfï¿½C.Cfï¿½C4ï¿½,133.899994,29141300,0.841562,1.087163,1.680708,0.267761,64.488327
2021-10-08 0{TC\ï¿½Cï¿½Cï¿½0Cï¿½r,141.190002,33649400,1.017576,1.096997,1.830548,0.268811,66.504425
2021-10-11 0fï¿½Cqï¿½Cï¿½Cï¿½Cï¿½,135.029999,31053300,0.988660,1.146664,1.621056,0.269672,65.270004
2021-10-12 0ï¿½5C3ï¿½Cï¿½Cï¿½Cï¿½s,140.669998,24356800,0.412491,1.239539,1.317433,0.241988,60.600746
2021-10-13 0ï¿½lCï¿½+C{CH!Clï¿½,146.130005,25985900,0.516816,1.266917,1.380297,0.242413,62.703480
2021-10-14 0ï¿½Cq}C\OCRxCï¿½p,148.470001,24117900,0.538868,1.283146,1.242032,0.243412,63.117523
2021-10-15 0ï¿½C33C=ï¿½Cï¿½Cï¿½,146.729996,16099500,0.482271,1.297597,0.815658,0.242431,62.092197
2021-10-18 0ï¿½Cï¿½C)ï¿½C,157.250000,23542500,0.689952,1.322783,1.158606,0.243234,65.892662
2021-10-19 0Zï¿½Cï¿½ Cï¿½LCï¿½YCï¿½,155.350006,12814500,0.697629,1.327309,0.621211,0.242927,65.775429
2021-10-20 0=JC=JCf&C×£Cï¿½wï¿½,147.639999,10450900,0.686543,1.111067,0.502208,0.243355,64.581718
2021-10-21 0ï¿½Cï¿½(Cï¿½C
WCXï¿½,155.339996,9504600,0.687378,1.019092,0.457807,0.243391,65.119949
2021-10-22 0ï¿½+Cï¿½C,155.210007,9905900,0.254729,0.973762,0.513544,0.218657,58.863575
2021-10-25 0ECï¿½%Cï¿½C=
 Cï¿½,160.039993,11444500,0.464227,0.925598,0.629700,0.212056,65.085030
2021-10-26 0Vï¿½!C,151.860001,10437500,0.405330,0.867744,0.586964,0.215159,62.505711
2021-10-27 0ï¿½Cï¿½!Cï¿½LCï¿½#Cï¿½Wï¿½,151.139999,9066400,0.377130,0.780499,0.515075,0.214313,61.883434
2021-10-28 0usCï¿½"Cï¿½BCï¿½!Ctï¿½o,161.889999,7325300,0.376850,0.698516,0.424311,0.214296,62.512001
2021-10-29 0,162.500000,6404300,0.397489,0.653563,0.377434,0.213728,63.102394
2021-11-01 0,152.660004,11575400,0.417456,0.584499,0.683903,0.212694,62.654812
2021-11-02 0,155.889999,5483700,0.441957,0.545165,0.326372,0.214049,63.238392
2021-11-03 0ï¿½C,161.080002,7472000,0.412115,0.531486,0.448124,0.212342,63.080864
2021-11-04 0ï¿½ Cqï¿½(C
WCï¿½(Cï¿½my,168.520004,7957900,0.328079,0.536220,0.490071,0.207081,61.941372
2021-11-05 0fï¿½#Cï¿½&Cfï¿½Cï¿½:$Cï¿½We,164.229996,6641600,0.327326,0.531228,0.420983,0.207126,61.542408
2021-11-08 0ï¿½%Cfï¿½0C,163.369995,8253600,0.272649,0.516231,0.528514,0.204513,60.194569
2021-11-09 0,157.789993,8368900,0.377838,0.510037,0.543412,0.198413,63.241325
2021-11-10 0ï¿½C,133.529999,22572100,0.184092,0.590155,1.447076,0.209722,55.583645
2021-11-11 0,151.830002,34591700,0.274490,0.731919,2.121863,0.216036,58.264256
2021-11-12 0ï¿½#Cï¿½C,148.990005,17047500,0.264234,0.784523,1.029063,0.216649,57.808430
2021-11-15 0ï¿½Cï¿½Cï¿½Cqï¿½C(ï¿½f,147.990005,6722600,0.371167,0.761597,0.409227,0.210606,60.515541
2021-11-16 0ï¿½C,151.289993,9302600,0.357348,0.782457,0.564559,0.209781,60.467804
2021-11-17 0Jï¿½CffCfï¿½CRï¿½C$ï¿½v,151.720001,7793700,0.134779,0.863439,0.520640,0.193524,55.349087
2021-11-18 0HaCï¿½+Cï¿½
CH!C,139.130005,14067200,0.039059,0.935658,0.972365,0.200419,51.446114
2021-11-19 0ï¿½	CH!C3sCï¿½(CTÜ¡,136.160004,10607700,-0.035626,1.017069,0.774345,0.197647,48.575150
2021-11-22 0,123.510002,14393400,-0.085314,1.106754,1.095088,0.201760,46.852459
2021-11-23 0ï¿½BHï¿½Cï¿½ï¿½BR8ï¿½Bï¿½;ï¿½,127.610001,11418500,-0.092841,1.168291,0.898223,0.201051,46.401409
2021-11-24 0{ï¿½B{ï¿½C\ï¿½B,132.750000,6564900,-0.091562,1.098303,0.544129,0.201172,46.306721
2021-11-26 0ï¿½Cï¿½c	C,136.979996,5113200,-0.077389,0.901295,0.447292,0.202481,46.861168
2021-11-29 0HCq}C{Cf&CXï¿½u,132.149994,7712600,-0.099366,0.840183,0.691595,0.204409,46.083172
2021-11-30 0\ï¿½Cq}C3ï¿½B)\ï¿½B 4ï¿½,126.680000,11220000,-0.194404,0.914183,1.044580,0.201923,41.558510
2021-12-01 0ï¿½Bï¿½(CHaï¿½Bï¿½#ï¿½Bp!ï¿½,116.570000,9183600,-0.249630,0.923481,0.864735,0.207438,39.755913
2021-12-02 0ï¿½(ï¿½Bï¿½B\ï¿½B,113.750000,9494100,-0.229545,0.942321,0.896665,0.205384,40.810238
2021-12-03 0qï¿½Bqï¿½Bï¿½Bï¿½zï¿½BHCï¿½,107.239998,12534600,-0.309643,0.919080,1.172638,0.205796,36.872269
2021-12-06 0ï¿½Bï¿½BHï¿½Bfï¿½B$ï¿½,110.949997,9476900,-0.285162,0.909718,0.887772,0.208512,38.151833
2021-12-07 0)ï¿½BR8ï¿½B,122.730003,8968600,-0.233129,0.865592,0.846701,0.214427,40.370621
2021-12-08 0)ï¿½B)ï¿½,127.970001,7868400,-0.157316,0.838859,0.748889,0.213772,43.739189
2021-12-09 0ï¿½Bï¿½B3ï¿½Bï¿½Bï¿½B\ï¿½|,119.129997,8171100,-0.211790,0.856579,0.779914,0.218730,41.953648
2021-12-10 0ï¿½Bï¿½B,114.680000,6351600,-0.291618,0.871098,0.608131,0.216142,37.744663
2021-12-13 0ï¿½Bï¿½B
Wï¿½Bï¿½BÐï¿½,109.959999,9736400,-0.323323,0.881105,0.922398,0.219006,36.645992
2021-12-14 05ï¿½B3ï¿½B3ï¿½B=ï¿½B`ï¿½,105.769997,11541600,-0.307153,0.884246,1.093534,0.217291,37.729626
2021-12-15 0,110.980003,11070500,-0.288088,0.886482,1.030712,0.219436,38.368301
2021-12-16 0,99.239998,19807300,-0.383909,0.946277,1.776151,0.224874,34.509022
2021-12-17 0Haï¿½Bï¿½Bï¿½B=ï¿½Bï¿½uï¿½,98.769997,16414200,-0.413897,0.956879,1.435600,0.221781,31.895344
2021-12-20 0ï¿½0ï¿½BR8ï¿½Bï¿½Bqï¿½B[o,97.370003,7297800,-0.407112,0.936030,0.637053,0.220931,32.381157
2021-12-21 0ï¿½Bï¿½Bï¿½Bq=ï¿½Bï¿½Bï¿½Bï¿½s,103.629997,7591700,-0.365673,0.925793,0.663987,0.225342,34.693043
2021-12-22 0ï¿½Bï¿½Bï¿½Qï¿½Bï¿½#ï¿½B$ï¿½B,101.070000,4369700,-0.359465,0.905754,0.386693,0.224642,35.238396
2021-12-23 0ï¿½Bï¿½#ï¿½Bï¿½Bï¿½Qï¿½Bxï¿½D,101.160004,4519800,-0.242417,0.922569,0.422472,0.212999,40.363205
2021-12-27 0ï¿½Bffï¿½Bï¿½Bï¿½uï¿½BTï¿½{,105.730003,8118100,-0.303629,1.023504,0.827028,0.205685,35.053822
2021-12-28 0×£ï¿½B,101.769997,5343600,-0.316934,1.019262,0.566908,0.207198,34.801079
2021-12-29 0ï¿½zï¿½B33ï¿½B=
ï¿½B\ï¿½Bï¿½S,98.279999,5499600,-0.335901,0.959311,0.585993,0.209405,34.252041
2021-12-30 0
ï¿½Bï¿½#ï¿½Bï¿½ï¿½Bqï¿½B(a,103.870003,6357800,-0.313438,0.918705,0.684596,0.212140,35.192364
2021-12-31 0ï¿½Bï¿½zï¿½B,100.559998,3728900,-0.337200,0.756615,0.407466,0.214408,34.306751
2022-01-03 0,95.209999,8442700,-0.315676,0.683511,0.941849,0.212080,35.901386
2022-01-04 0B`ï¿½Bï¿½ï¿½B.ï¿½Bï¿½ÑªBï¿½O,85.410004,21958300,-0.372723,0.812756,2.350413,0.218398,34.393261
2022-01-05 0ï¿½B)\ï¿½Bï¿½ÑB\ï¿½B,fï¿½,79.529999,10118700,-0.356085,0.852812,1.099880,0.216554,35.887562
2022-01-06 0ï¿½ÇB)\ï¿½BRï¿½B33ï¿½Bï¿½ÇŸ,81.099998,10471300,-0.364470,0.922300,1.142126,0.215516,34.829407
2022-01-07 0
×žB1È¦Bï¿½ ï¿½Bq=ï¿½Bï¿½f,79.620003,6723600,-0.400226,0.945792,0.732934,0.213805,32.246208
2022-01-10 0,78.239998,10784400,-0.428822,0.955174,1.151862,0.212669,29.990465
2022-01-11 0)ÜšB33ï¿½Bffï¿½B\ï¿½Bï¿½ï¿½,81.029999,9699800,-0.386833,0.994664,1.028739,0.212701,32.340755
2022-01-12 0\ï¿½B)\ï¿½Bï¿½Gï¿½B{ï¿½Bï¿½bj,78.790001,6972100,-0.378039,1.025684,0.750719,0.211621,33.078938
2022-01-13 0ï¿½pï¿½Bï¿½_ï¿½Bï¿½ÂBï¿½Bï¿½BDï¿½,72.129997,9484100,-0.381230,1.058205,1.020098,0.211992,33.905552
2022-01-14 0ï¿½BHï¿½Bï¿½ÇˆBHaï¿½B0ï¿½,69.190002,8823600,-0.391736,1.115685,0.951343,0.213291,33.876106
2022-01-18 033ï¿½B33ï¿½B{B)\ï¿½Bï¿½+ï¿½,64.180000,9907100,-0.401529,1.142260,1.078346,0.214473,34.247883
2022-01-19 033ï¿½B.ï¿½B33}Bï¿½BÜ˜ï¿½,64.300003,9083100,-0.420460,1.003553,0.990072,0.211915,32.474274
2022-01-20 0=ï¿½B\ï¿½B
ï¿½lB33{B:\,62.799999,22821400,-0.488308,1.087288,2.368362,0.205296,25.600527
2022-01-21 033{Bï¿½Jï¿½Bï¿½peBï¿½fBï¿½,57.630001,13101300,-0.549660,1.094765,1.335454,0.208489,21.345942
2022-01-24 0^B\ï¿½kBï¿½zBB,58.250000,22026300,-0.511038,1.194516,2.144260,0.203773,23.419495
2022-01-25 0ï¿½\Bï¿½iBï¿½RB{ZB\%ï¿½,54.520000,11543900,-0.524590,1.181994,1.105177,0.205944,23.567667
2022-01-26 0ï¿½eB,55.730000,15526900,-0.493179,1.215323,1.459527,0.204403,25.414820
2022-01-27 0ï¿½eBï¿½QgBï¿½@B=
LBï¿½,51.009998,17812100,-0.517727,1.291837,1.642073,0.208167,25.293274
2022-01-28 0ï¿½UBï¿½oBï¿½KB
ï¿½nBpï¿½,59.709999,27590000,-0.461975,1.388279,2.420606,0.217662,27.574141
2022-01-31 0\ï¿½oB.ï¿½B,64.070000,23037100,-0.354393,1.498824,2.002245,0.215139,33.554668
2022-02-01 0)\ï¿½Bqï¿½B{zBï¿½B(ï¿½,67.480003,15394600,-0.316797,1.551100,1.341970,0.218863,35.760448
2022-02-02 0ï¿½Bï¿½Ñ‚B{mB\ï¿½sBDï¿½,60.889999,13944900,-0.374653,1.563287,1.192563,0.225130,34.147404
2022-02-03 0ï¿½cBï¿½sB,57.490002,9102400,-0.445238,1.439762,0.775096,0.224504,29.438507
2022-02-04 0Hï¿½iBï¿½ï¿½B\ï¿½bB,62.750000,14572100,-0.379143,1.411414,1.205935,0.229409,33.324631
2022-02-07 0=
|Bï¿½B,63.020000,13527000,-0.377026,1.308563,1.092306,0.229656,33.428917
2022-02-08 0,65.250000,10059300,-0.382862,1.289835,0.808067,0.228945,32.047188
2022-02-09 0
×†Bï¿½ï¿½Bï¿½Ñ…B)\ï¿½Bï¿½
,74.680000,17479300,-0.266188,1.264430,1.359926,0.236611,38.541580
2022-02-10 0ï¿½zï¿½Bï¿½#ï¿½B,58.680000,86940400,-0.402930,1.487987,5.584624,0.248964,34.853127
2022-02-11 0q=TBï¿½YBï¿½R6B33:Bï¿½,46.549999,63024000,-0.551844,1.529964,3.610307,0.258800,29.119919
2022-02-14 0Rï¿½3BRï¿½>Bï¿½,Bï¿½.Bï¿½Qï¿½,43.700001,26759600,-0.565434,1.485941,1.468341,0.260684,29.217834
2022-02-15 0,44.799999,27207400,-0.529461,1.499302,1.443373,0.258886,30.984535
2022-02-16 0ï¿½0B,42.919998,15363900,-0.497483,1.524608,0.824683,0.254931,32.953537
2022-02-17 0ï¿½(B,37.669998,21442100,-0.526342,1.559253,1.128086,0.258403,33.120968
2022-02-18 03ï¿½B\ï¿½Bï¿½Bï¿½QBï¿½%ï¿½,37.330002,14165500,-0.539704,1.547091,0.740461,0.257711,32.173985
2022-02-22 0q=B,36.410000,12277500,-0.542703,1.525794,0.635620,0.258125,32.321415
2022-02-23 0Hï¿½Bï¿½B,35.000000,10933000,-0.552658,1.529925,0.565869,0.259502,32.313484
2022-02-24 0ï¿½Bï¿½Bï¿½(B
ï¿½Bï¿½,38.709999,18017300,-0.522276,1.511027,0.919345,0.263981,32.819099
2022-02-25 0{Bï¿½ Bï¿½Bï¿½BAï¿½,39.189999,9912600,-0.502602,1.112424,0.503280,0.263017,33.690281
2022-02-28 0q=Bï¿½-B\ï¿½B)\'B@ï¿½,41.840000,18664000,-0.419936,0.873628,0.933107,0.261943,37.098564
2022-03-01 0ff&Bï¿½-B,42.360001,10326200,-0.387773,0.789492,0.514969,0.260134,38.331738
2022-03-02 0×£+B,41.799999,8284600,-0.348707,0.697003,0.414272,0.256314,39.875137
2022-03-03 0\)Bï¿½Q*Bq=BffBï¿½Qx,39.099998,7885300,-0.391913,0.660926,0.395093,0.260361,38.859417
2022-03-04 033Bff Bï¿½Bï¿½GBtï¿½u,35.820000,7702900,-0.429618,0.607424,0.395952,0.264209,38.257313
2022-03-07 0ï¿½Bï¿½Bï¿½Bq=B,ï¿½|,33.560001,8160300,-0.417664,0.581478,0.423045,0.262993,39.251583
2022-03-08 0ï¿½pBHï¿½Bq=ï¿½Aï¿½	Bdï¿½,34.279999,8646500,-0.411502,0.575971,0.458860,0.263670,39.305790
2022-03-09 0\ï¿½Bï¿½Bï¿½
B33Bï¿½m,36.799999,7208900,-0.325018,0.560506,0.385525,0.264268,42.007935
2022-03-10 0Rï¿½Bï¿½QBï¿½	B33Bï¿½TY,36.549999,5854400,-0.344159,0.504153,0.318581,0.263295,41.273884
2022-03-11 0,30.860001,14113800,-0.395021,0.530574,0.773222,0.267751,40.912781
2022-03-14 0\ï¿½Aï¿½Aï¿½(ï¿½Aï¿½ADfY,26.219999,22636100,-0.560878,0.557377,1.251436,0.266491,34.322632
2022-03-15 0
ï¿½A33ï¿½Aï¿½zï¿½A×£ï¿½Aï¿½,28.330000,11438600,-0.557827,0.575835,0.646194,0.266956,32.909336
2022-03-16 0ï¿½ï¿½Aï¿½zBï¿½zï¿½A)\Bï¿½t,33.340000,18707700,-0.505928,0.630783,1.050291,0.274566,33.920498
2022-03-17 033Bï¿½Bï¿½B,36.750000,15254700,-0.396453,0.670512,0.854338,0.274846,38.279274
2022-03-18 0ï¿½Bï¿½$Bï¿½B
ï¿½"Bï¿½l2,40.709999,20081900,-0.291877,0.724981,1.102095,0.277977,41.896847
2022-03-21 0ï¿½(B331B=
B
ï¿½'BL6ï¿½,41.959999,16397900,-0.331315,0.767625,0.896922,0.274308,39.555912
2022-03-22 0=ï¿½ Bï¿½.B33B,43.500000,11574000,-0.309743,0.786438,0.635329,0.276269,40.317459
2022-03-23 0ï¿½*Bï¿½<BHï¿½)Bï¿½p0B0ï¿½,44.110001,14206000,-0.323985,0.818636,0.773935,0.274977,39.342609
2022-03-24 0{1Bï¿½p9Bff*B333B4ï¿½,44.799999,11202100,-0.400107,0.857545,0.617321,0.267052,33.480759
2022-03-25 0\ï¿½2B=
3Bï¿½G!B×£(Blï¿½,42.160000,12513900,-0.281527,0.983139,0.798823,0.257176,39.283863
2022-03-28 0ï¿½)B,43.250000,5959500,-0.070891,0.997846,0.433000,0.245175,47.501514
2022-03-29 0ï¿½p1BBï¿½CBff0Bï¿½@B@vï¿½,48.150002,14644800,0.101831,1.052009,1.096213,0.248689,53.267735
2022-03-30 0ï¿½>Bï¿½MB,46.750000,20804700,0.043527,1.085039,1.582585,0.248951,51.425644
2022-03-31 0ï¿½z;BffCB×£5Bï¿½9B ï¿½,46.279999,12295200,0.078285,1.070859,0.942614,0.246805,52.508209
2022-04-01 0ï¿½p:Bï¿½Q=Bï¿½Q1Bï¿½p:B0ï¿½,46.610001,10532400,0.237324,1.026260,0.830626,0.238900,57.202705
2022-04-04 0ï¿½<B
ï¿½ABï¿½z8Bï¿½>B`ï¿½q,47.700001,7452000,0.277793,0.972879,0.598252,0.239900,58.255051
2022-04-05 0×£>Bï¿½CBï¿½,B)\/B ÉŽ,43.840000,9357600,0.204065,0.962607,0.757151,0.243778,55.650188
2022-04-06 0)\*B)\*Bï¿½Bï¿½z#Bï¿½,40.869999,14218200,0.167714,0.954250,1.140332,0.245754,54.360420
2022-04-07 0Rï¿½#Bï¿½&Bï¿½#Bï¿½Bï¿½nï¿½,38.700001,9989800,-0.000258,0.965242,0.818777,0.242140,49.992405
2022-04-08 0ï¿½QB,37.580002,5944500,-0.041082,0.921387,0.492558,0.243275,48.787834
2022-04-11 0ï¿½B{BRï¿½Bï¿½Bï¿½,37.700001,11789700,-0.098948,0.988464,0.995796,0.238821,46.759552
2022-04-12 0ï¿½Bq=!Bï¿½Bï¿½Bï¿½,37.480000,9102600,-0.115203,0.944908,0.771493,0.238360,46.162315
2022-04-13 0{Bï¿½GBffBï¿½B|ï¿½P,38.400002,5279100,-0.081340,0.820285,0.451263,0.239151,47.341259
2022-04-14 0ï¿½(B)\B33Bï¿½Bï¿½[,35.189999,5968100,-0.100000,0.770409,0.512961,0.240471,46.966640
2022-04-18 0{B33Bï¿½	B
ï¿½Bï¿½q,35.209999,8352200,-0.017030,0.750274,0.716543,0.234626,49.501553
2022-04-19 0,37.029999,6336900,0.103397,0.744591,0.546498,0.233814,52.855965
2022-04-20 0,34.759998,5511800,0.014002,0.717893,0.479664,0.236638,50.385235
2022-04-21 0ï¿½LB,32.900002,6706900,-0.105978,0.653478,0.584518,0.235225,46.836472
2022-04-22 0q=B33Bï¿½Aï¿½Gï¿½Aï¿½Eï¿½,31.160000,8930800,-0.147469,0.638542,0.771441,0.238468,45.731030
2022-04-25 0,32.470001,8258600,0.052171,0.669823,0.725609,0.230389,51.370213
2022-04-26 0,30.180000,5946100,0.151030,0.650266,0.549279,0.224540,53.510639
2022-04-27 0,29.360001,7161500,0.036357,0.640774,0.670382,0.220548,50.934498
2022-04-28 0,31.209999,7581300,-0.063887,0.686146,0.735204,0.211771,47.949951
2022-04-29 0
ï¿½AHï¿½Bï¿½Aï¿½A,28.700001,7276800,-0.219048,0.717337,0.724355,0.210044,42.115578
2022-05-02 0ï¿½Aï¿½rï¿½Aï¿½AHï¿½Apï¿½b,30.360001,6470000,-0.254237,0.731646,0.674509,0.206045,39.384621
2022-05-03 033ï¿½Aq=ï¿½A=
ï¿½Aï¿½Aï¿½I,30.100000,4831400,-0.282650,0.745933,0.524775,0.204246,37.583755
2022-05-04 0ffï¿½Aï¿½Aï¿½A{ï¿½A_|,31.760000,8150800,-0.269885,0.784318,0.896430,0.205746,37.740185
2022-05-05 0ï¿½A
ï¿½A{ï¿½Aï¿½(ï¿½Aï¿½,27.020000,9309200,-0.387441,0.827799,1.042547,0.216423,33.570469
2022-05-06 0ï¿½zï¿½Aï¿½zï¿½A)\ï¿½Aï¿½AÛŸ,24.950001,10476300,-0.443080,0.847403,1.176440,0.221068,31.410379
2022-05-09 0ï¿½Aq=ï¿½A33ï¿½ARï¿½A<ï¿½,20.590000,14192700,-0.511622,0.908332,1.583821,0.229634,30.430052
2022-05-10 0\ï¿½Aï¿½(ï¿½Aï¿½pï¿½Aï¿½Aï¿½_ï¿½,18.190001,27811800,-0.579422,1.065713,2.870315,0.236126,27.791567
2022-05-11 0ï¿½ÌŠAï¿½Gï¿½A
ï¿½gA{jA4WU,14.630000,22370100,-0.696158,1.191020,2.248936,0.241873,19.571533
2022-05-12 0q=bAï¿½Aq=ZAï¿½Qï¿½Aï¿½,18.040001,52004500,-0.614118,1.482608,4.733291,0.255544,24.855494
2022-05-13 0×£ï¿½A\ï¿½Aï¿½Aï¿½Aï¿½m,23.709999,85159400,-0.487684,1.794725,6.347709,0.274672,31.883125
2022-05-16 033ï¿½Aï¿½(ï¿½Aï¿½Aï¿½Aï¿½,22.950001,32557300,-0.507616,1.885970,2.300880,0.276180,31.138390
2022-05-17 0ï¿½A×£ï¿½A\ï¿½Aï¿½Aï¿½^`,25.240000,23092900,-0.470860,1.943421,1.574019,0.280752,32.431160
2022-05-18 0q=ï¿½A,24.450001,28757100,-0.442290,1.995903,1.877347,0.277791,34.067375
2022-05-19 0ï¿½Aï¿½zï¿½A=
ï¿½Aï¿½Aï¿½NA,25.709999,21057200,-0.370932,2.042204,1.354517,0.276816,37.182949
2022-05-20 0\ï¿½Aï¿½pï¿½Aï¿½Aï¿½A\ï¿½A ï¿½,24.820000,15130400,-0.358656,2.049551,0.962661,0.275702,38.005527
2022-05-23 0q=ï¿½Affï¿½Aï¿½(ï¿½Aï¿½(ï¿½A,~ï¿½,24.520000,13139500,-0.347525,2.012146,0.823427,0.274681,38.551891
2022-05-24 0,20.760000,18930800,-0.449337,1.927734,1.168919,0.283645,36.041527
2022-05-25 0ï¿½(ï¿½A×£ï¿½Aï¿½rï¿½Aï¿½(ï¿½Aï¿½,23.020000,13812700,-0.385806,1.856893,0.844703,0.289636,38.472576
2022-05-26 0×£ï¿½Aï¿½A/ï¿½Aï¿½(ï¿½A,28.020000,30425600,-0.270313,1.640821,1.769923,0.300517,42.230537
2022-05-27 0ï¿½ï¿½Aï¿½Aï¿½ï¿½Aï¿½Aï¿½,30.350000,26710000,-0.137539,1.250512,1.493701,0.300493,46.328888
2022-05-31 0ï¿½pï¿½A×£ï¿½A
ï¿½A,28.500000,19969900,-0.190571,1.155104,1.093102,0.303824,45.047970
2022-06-01 0ï¿½Aï¿½(ï¿½A{ï¿½A\ï¿½A{ï¿½,24.320000,27491100,-0.343235,1.135357,1.448871,0.308990,40.935673
2022-06-02 0ï¿½Aï¿½pï¿½Ashï¿½A)\ï¿½AXï¿½,26.420000,18259800,-0.239931,1.056375,0.941271,0.310338,44.037750
2022-06-03 0ï¿½pï¿½Aï¿½pï¿½Aï¿½Aï¿½Aï¿½9ï¿½,25.100000,11418100,-0.237082,0.998602,0.583863,0.310148,44.380402
2022-06-06 0)\ï¿½Aï¿½Qï¿½A33ï¿½Aï¿½Â½Axï¿½1,23.719999,20033400,-0.238768,1.004661,1.005379,0.310260,44.611820
2022-06-07 0ï¿½Ì¶Aï¿½ï¿½A×£ï¿½Aï¿½Aï¿½i
,24.350000,17459700,-0.250077,1.010784,0.862935,0.309427,44.060860
2022-06-08 0,23.330000,15577600,-0.226972,0.978682,0.757888,0.307881,44.894920
2022-06-09 0\ï¿½A
×¹A,21.180000,12166500,-0.278610,0.962857,0.587164,0.311379,44.022217
2022-06-10 0ï¿½(ï¿½Aï¿½ï¿½A)\ï¿½Aï¿½Aï¿½ï¿½,20.440001,16386000,-0.345082,0.882600,0.779755,0.309873,41.999702
2022-06-13 033ï¿½A)\ï¿½Aï¿½A)\ï¿½Aï¿½ï¿½,17.920000,14748800,-0.375610,0.816009,0.693625,0.312170,41.993465
2022-06-14 0\ï¿½A
×“Aï¿½pï¿½Aï¿½Al?ï¿½,17.700001,13057900,-0.416996,0.775494,0.607826,0.309728,40.391624
2022-06-15 0ï¿½Aï¿½Aï¿½Aï¿½Ì”ALï¿½,18.600000,14292300,-0.382060,0.703725,0.655661,0.311995,41.355984
2022-06-16 0,16.719999,12592200,-0.473552,0.673153,0.573772,0.314438,38.732395
2022-06-17 0ï¿½Aï¿½Aq=ï¿½Affï¿½Aï¿½,18.299999,12894700,-0.322724,0.676198,0.584373,0.311523,43.142498
2022-06-21 0ï¿½(ï¿½A{ï¿½Aï¿½ï¿½Aï¿½Alï¿½,19.209999,15521900,-0.230060,0.650792,0.698113,0.310081,45.402115
2022-06-22 033ï¿½Aï¿½Aï¿½Aï¿½(ï¿½Aï¿½,19.270000,10535300,-0.064109,0.623066,0.476448,0.300715,48.864418
2022-06-23 0,21.660000,16556500,0.190764,0.638323,0.761675,0.301129,52.985714
2022-06-24 0{ï¿½Aï¿½Ì¾ARï¿½Aq=ï¿½A,ï¿½,23.280001,28243500,0.591251,0.705926,1.287731,0.294360,57.699841
2022-06-27 0×£ï¿½Aï¿½AJï¿½Aï¿½Aï¿½ï¿½,22.700001,12977600,0.258315,0.733917,0.629008,0.282328,54.368202
2022-06-28 0,20.540001,13150400,-0.133699,0.821775,0.721299,0.269080,46.819187
2022-06-29 033ï¿½Aï¿½Aï¿½Aï¿½(ï¿½Aï¿½Nï¿½,19.020000,13324000,-0.171242,0.853238,0.757457,0.271666,46.115833
2022-06-30 0=
ï¿½ARï¿½A7ï¿½Aï¿½zï¿½Aï¿½Õ­,18.059999,11392500,-0.284469,0.855726,0.662338,0.268624,42.712139
2022-07-01 0Hï¿½Aï¿½Qï¿½Aï¿½(ï¿½Aï¿½Aï¿½",17.190001,19013300,-0.296933,0.910245,1.126671,0.269668,42.642883
2022-07-05 0ï¿½ARï¿½Aï¿½A×£ï¿½A|Nï¿½,19.830000,16600700,-0.228705,0.940485,0.992444,0.275903,44.203472
2022-07-06 0Hï¿½Aï¿½Gï¿½Aï¿½A)\ï¿½Aï¿½3ï¿½,20.170000,14955500,-0.187349,0.937425,0.894400,0.274846,45.365757
2022-07-07 0{ï¿½Aï¿½Gï¿½A{ï¿½AHï¿½AP_,,23.610001,19685200,-0.037113,0.979366,1.162092,0.284292,49.146500
2022-07-08 0ï¿½Ì°Aï¿½Aï¿½ARï¿½A8ï¿½-,23.340000,19782200,0.124277,0.996739,1.165865,0.275848,52.589321
2022-07-11 033ï¿½Aï¿½Qï¿½Affï¿½Aï¿½ApIï¿½,21.370001,11487600,-0.071677,0.902108,0.680129,0.274366,48.334347
2022-07-12 0ï¿½pï¿½AHï¿½A{ï¿½Aï¿½Aï¿½,22.200001,14400700,-0.207709,0.940270,0.880445,0.263308,43.584660
2022-07-13 0ï¿½(ï¿½Aï¿½Qï¿½Affï¿½Aï¿½Qï¿½Aï¿½,20.790001,16234900,-0.314992,0.980050,1.014238,0.262062,39.243927
2022-07-14 0Hï¿½ARï¿½Aï¿½pï¿½A\ï¿½A(D3,21.820000,20137000,-0.234386,1.022257,1.257575,0.261335,42.342964
2022-07-15 0ï¿½A×£ï¿½A33ï¿½Aï¿½zï¿½A6ï¿½,23.059999,14497300,-0.051809,1.070606,0.930541,0.255542,48.451324
2022-07-18 0ï¿½Â½Aï¿½A=
ï¿½ARï¿½A +,23.840000,18688800,-0.097653,1.067543,1.198481,0.252093,46.722561
2022-07-19 0
ï¿½A×£ï¿½Aï¿½(ï¿½Aq=ï¿½AXï¿½,26.030001,13178200,0.037052,1.041676,0.841928,0.254848,51.155853
2022-07-20 0ï¿½Oï¿½Aï¿½Aq=ï¿½A)\ï¿½Aï¿½c,29.670000,23299200,0.250843,1.087420,1.478257,0.260338,57.001648
2022-07-21 0ï¿½zï¿½A
ï¿½A×£ï¿½A,29.750000,16379200,0.221766,1.068887,1.041586,0.258806,56.437767
2022-07-22 0q=ï¿½Affï¿½AHï¿½Aï¿½(ï¿½AÔ¾ï¿½,26.770000,15974100,0.147450,1.043793,1.014972,0.262532,53.917995
2022-07-25 0{ï¿½A,26.170000,7735300,0.235600,1.029614,0.496146,0.258067,55.891380
2022-07-26 0ï¿½Aï¿½Affï¿½Aï¿½Ì¸Aï¿½eï¿½,23.100000,12608900,0.130137,1.026410,0.815326,0.263333,52.976723
2022-07-27 0
ï¿½Aq=ï¿½Aï¿½Qï¿½Aï¿½Qï¿½AÌŸ,26.040001,17866700,0.453125,1.030040,1.147597,0.263585,59.002220
2022-07-28 0ï¿½A33ï¿½Aï¿½pï¿½A×£ï¿½Atßº,25.830000,12246900,0.459322,0.981064,0.788000,0.263318,59.015301
2022-07-29 0)\ï¿½A=
ï¿½ARï¿½ARï¿½AÜ¿ï¿½,26.840000,12763100,0.443011,0.973098,0.823916,0.262574,59.115044
2022-08-01 0Rï¿½Aï¿½A\ï¿½A)\ï¿½A(pï¿½,27.170000,10383400,0.625000,0.923874,0.673497,0.256877,61.970219
2022-08-02 0ï¿½Aï¿½zï¿½Aï¿½ï¿½A33ï¿½A4/ï¿½,28.150000,11874100,0.538251,0.917439,0.771891,0.253057,61.440186
2022-08-03 0q=ï¿½A)\ï¿½Aq=ï¿½Aï¿½ï¿½Aï¿½5,31.889999,17970600,0.660073,0.878141,1.162036,0.258475,63.818657
2022-08-04 0R8,32.549999,13184300,0.689154,0.852613,0.847698,0.259605,64.285713
2022-08-05 0ï¿½Afï¿½Bï¿½ï¿½Aï¿½B,33.400002,15187200,0.542013,0.850048,0.979351,0.253241,63.061863
2022-08-08 0ffB,34.900002,14959600,0.499141,0.922989,0.993029,0.251267,62.962963
2022-08-09 0ï¿½B\ï¿½	B
ï¿½Aï¿½QBPï¿½,32.580002,10750800,0.435242,0.915164,0.717180,0.254009,60.609966
2022-08-10 0ï¿½Bï¿½Bï¿½Bï¿½Blï¿½,36.779999,15009900,0.790652,0.892417,0.997178,0.256214,66.707817
2022-08-11 0ï¿½Bï¿½Bï¿½GBHï¿½Bp(ï¿½,36.970001,15935600,0.943743,0.911650,1.052590,0.251697,68.986671
2022-08-12 0ï¿½Bï¿½B\ï¿½Bï¿½B@ï¿½,39.189999,10939200,1.169989,0.900502,0.723286,0.252330,71.770042
2022-08-15 0ï¿½QB{#B\ï¿½Bï¿½Bï¿½\ï¿½,38.419998,10247400,1.235020,0.917325,0.690893,0.250439,71.918228
2022-08-16 0qï¿½BHï¿½#Bï¿½B×£Bï¿½,39.910000,12624900,1.012607,0.930703,0.858861,0.242679,71.235199
2022-08-17 0.Bï¿½Bï¿½B\ï¿½BPï¿½,37.389999,11934800,0.853743,0.895778,0.817514,0.245818,67.408005
2022-08-18 0=
B=
Bï¿½B,35.750000,9823300,0.514189,0.892860,0.688380,0.237072,62.736046
2022-08-19 0ï¿½Bï¿½B×£ï¿½A)\ï¿½Aï¿½iï¿½,30.920000,16673200,0.324764,0.909881,1.176942,0.245613,57.257755
2022-08-22 0ï¿½Aq=ï¿½A=
ï¿½Aï¿½A8ï¿½,29.490000,12755000,0.379972,0.891660,0.897684,0.243010,57.856037
2022-08-23 0ï¿½pï¿½A
ï¿½Aï¿½Gï¿½A\ï¿½Ahoï¿½,29.320000,10186600,0.320721,0.896553,0.724081,0.240731,56.977654
2022-08-24 0ï¿½pï¿½Aï¿½pï¿½ARï¿½A
ï¿½Aï¿½@|,30.230000,8143100,0.454064,0.864314,0.590140,0.238472,59.342831
2022-08-25 0×£ï¿½A)\ï¿½Aï¿½A
ï¿½A|ï¿½,31.230000,18539900,0.431256,0.886608,1.348812,0.237318,59.318676
2022-08-26 0ï¿½zï¿½Affï¿½Affï¿½A\ï¿½Aï¿½Z,24.570000,39517200,0.065481,1.031907,2.710491,0.248061,51.350384
2022-08-29 0
×½Aï¿½Aï¿½Aï¿½Aï¿½zï¿½,23.990000,13466300,0.006292,1.066723,0.934818,0.247373,50.134624
2022-08-30 0×£ï¿½Aï¿½Aï¿½Qï¿½Aï¿½Qï¿½A0^ï¿½,23.540001,12017200,-0.095659,1.065367,0.836470,0.242398,47.693165
2022-08-31 0Hï¿½Aï¿½ï¿½A)\ï¿½Aï¿½pï¿½AOï¿½,23.430000,11030300,-0.210313,1.090102,0.790272,0.232919,43.814434
2022-09-01 0,23.160000,10014200,-0.221513,1.108317,0.728547,0.233550,43.492001
2022-09-02 0ï¿½A
×½Aï¿½Aï¿½Aï¿½9ï¿½,22.450001,10238400,-0.161375,1.076476,0.755365,0.228535,45.533501
2022-09-06 0ffï¿½Aï¿½ARï¿½Affï¿½Alï¿½,22.299999,9480300,-0.147879,1.047819,0.696445,0.227385,45.961178
2022-09-07 0ï¿½Aï¿½A33ï¿½Aï¿½zï¿½A:{,23.059999,8075800,-0.001732,1.043900,0.599927,0.221201,49.956139
2022-09-08 0ï¿½Aï¿½(ï¿½A,23.700001,8698100,-0.089862,1.072370,0.661166,0.213571,47.297920
2022-09-09 0ï¿½Affï¿½A,26.250000,12587100,0.016260,1.026237,0.955956,0.221201,50.460125
2022-09-12 0×£ï¿½A{ï¿½AHï¿½Aï¿½Qï¿½Aï¿½Sï¿½,26.790001,9458600,-0.001863,0.804681,0.724415,0.219801,49.944653
2022-09-13 0ï¿½ï¿½Aï¿½Aq=ï¿½Aï¿½Aï¿½Ä¦,24.190001,10929400,-0.109680,0.784159,0.835895,0.226136,46.859192
2022-09-14 0ï¿½Aï¿½A
×¸A×£ï¿½Aï¿½z,24.330000,8043500,-0.135702,0.761201,0.621245,0.223893,45.901291
2022-09-15 0ï¿½Aï¿½Aï¿½ï¿½Aï¿½Atï¿½	,23.990000,17424500,-0.247727,0.811728,1.347687,0.214861,40.856483
2022-09-16 0ï¿½Aï¿½Â½A33ï¿½Affï¿½Aï¿½,22.299999,13942500,-0.314900,0.840469,1.076270,0.218686,38.412842
2022-09-19 0ï¿½A=
ï¿½A=
ï¿½Aï¿½Aï¿½},22.700001,8225000,-0.320359,0.839974,0.646498,0.218062,37.779808
2022-09-20 0ï¿½Ì²A
×¹Aï¿½pï¿½Aï¿½ï¿½A Eï¿½,22.139999,9127200,-0.365616,0.850191,0.728545,0.216510,35.107376
2022-09-21 0)\ï¿½Aï¿½Ì¸A\ï¿½A×£ï¿½Aï¿½,21.330000,11401100,-0.345304,0.875219,0.908479,0.214197,36.390030
2022-09-22 0Hï¿½Aï¿½ï¿½A%ï¿½A,20.000000,11635500,-0.456226,0.906753,0.935542,0.208953,28.185133
2022-09-23 0ï¿½Aï¿½ï¿½A,19.280001,12472300,-0.478496,0.914317,1.012220,0.211398,27.314697
2022-09-26 0\ï¿½A=
ï¿½Aï¿½Ì–Aï¿½Qï¿½A4ï¿½,19.040001,9896500,-0.514162,0.920467,0.805447,0.207612,22.777636
2022-09-27 0ï¿½A=
ï¿½Aï¿½Gï¿½Aï¿½ï¿½ADEï¿½,19.389999,10700100,-0.495315,0.917474,0.869781,0.207510,23.995632
2022-09-28 0ï¿½ÌœAHï¿½Affï¿½Aï¿½Gï¿½Aï¿½,20.660000,9943300,-0.482335,0.939745,0.814179,0.209645,23.535883
2022-09-29 0)\ï¿½Aï¿½Aï¿½Aï¿½zï¿½Aï¿½,19.059999,12750100,-0.490238,0.899468,1.041687,0.210779,24.146685
2022-09-30 033ï¿½A,18.760000,7742300,-0.475245,0.853650,0.636154,0.208543,25.095282
2022-10-03 0ffï¿½Aï¿½ÊšAHï¿½A{ï¿½Aï¿½Mï¿½,19.010000,9326000,-0.385188,0.880413,0.782017,0.198572,29.834068
2022-10-04 0ï¿½A33ï¿½Aï¿½ÌžAHï¿½A4ï¿½,21.610001,15080500,-0.267209,0.924326,1.256384,0.206030,37.166126
2022-10-05 033ï¿½Aï¿½(ï¿½Aï¿½ï¿½A)\ï¿½Aï¿½,20.920000,8577200,-0.286494,0.904843,0.717790,0.208136,36.547089
2022-10-06 0\ï¿½A
×«Aï¿½(ï¿½Aï¿½AT*|,20.950001,8137300,-0.306980,0.875582,0.680988,0.205752,34.706661
2022-10-07 0×£ï¿½A=
ï¿½Aï¿½pï¿½A33ï¿½Ah#ï¿½,18.900000,11543400,-0.394813,0.885083,0.985264,0.210933,30.359991
2022-10-10 0ï¿½Gï¿½Aï¿½Aï¿½ARï¿½Aï¿½ n,18.590000,7217300,-0.243386,0.949468,0.678357,0.194759,38.059109
2022-10-11 0ï¿½zï¿½A
×ŸA\ï¿½Aï¿½ÌšAx	ï¿½,19.350000,12519800,-0.193414,0.969446,1.180242,0.196232,40.800953
2022-10-12 0ï¿½A×£ï¿½A=
ï¿½Aï¿½zï¿½A`jï¿½,19.809999,9071200,-0.158454,0.970207,0.863132,0.196657,42.608006
2022-10-13 0ï¿½Â‘A
×›Aq=ï¿½A{ï¿½Aï¿½,18.760000,13756400,-0.199317,0.971383,1.297713,0.200711,41.077572
2022-10-14 0,17.270000,11559300,-0.254318,1.002520,1.085176,0.206273,39.247906
2022-10-17 0=
ï¿½Aï¿½pï¿½A×£ï¿½Aï¿½pï¿½Aï¿½ï¿½,18.430000,11738500,-0.179065,1.020378,1.096851,0.209202,42.780170
2022-10-18 0+ï¿½A×£ï¿½Aï¿½Qï¿½Aq=ï¿½Aï¿½,19.530001,12631700,-0.124215,0.987801,1.168839,0.213383,45.189304
2022-10-19 0ï¿½ï¿½Aï¿½pï¿½Aï¿½Aï¿½Gï¿½AÈ¶ï¿½,17.910000,11712200,-0.223330,1.005531,1.071735,0.217166,41.315350
2022-10-20 0ï¿½A33ï¿½ARï¿½Aq=ï¿½ADï¿½,18.030001,10098500,-0.239240,1.019124,0.920141,0.215545,40.267769
2022-10-21 0ï¿½Qï¿½Aï¿½Ì’Aï¿½Affï¿½Adï¿½,18.299999,11443300,-0.302857,1.021762,1.046310,0.208260,35.195530
